no,username,handle,tweet_text
1,ਅਦਨਾਨ ਅਲੀ ਖਾਨ ( عدنان علی خان ),@AdnanAliKhan555,Inspired by #farmersprotest and the way #punjab Sikhs demonstrated principles of sikhi maryada TN party fields seven Tamil Sikhs in LS polls @x #justsaying @SherEPunjab600
2,C~M,@Chetan0588,People say why #FarmersProtest #NoVoteToBJP #NoVoteForBJP
3,"Mark $MON NYAN $BLOCK, $PARAM $BUBBLE",@MarkAnaga,$BUBBLE @imaginary_ones $EVERY $BLOCK $PARAM $FARMING #FarmersProtest #Farm all
4,Neel Kamal,@NeelkamalTOI,"#FarmersProtest continuing to cause heartburn among candidates belonging to BJP, JJP and now even AAP welcomed in Punjab. #NoVoteForBJP #ShameOnBJP"
5,SophiaGeorge,@SophiaGeorgeNew,Too much philanthrophy? like #TooMuchDemocracy ? mebbe...?? #justSaying #farmersProtest #KisanAndolan
6,Adv. Avtaar S Turka / अवतार तुरका,@AvtaarTurka,"When PROTESTS become CRIME, #Democracy is in danger #Ladakh #Farmersprotest #TribalsOfHasdeo #ManipurViolence The grim reality of India is lack of spine & minority hatred which has affected the moral compass of India's consciousness"
7,Erin,@freedom4alltime,It's time to stand by our farmers!! We owe to our land and our people... #Masle #ਮਸਲੇ #FarmersProtest @birsinghmusic
8,Najish Khan,@NajishKhann,"Bravo more power to you!! @mandeeppunia1 for your constant courageous efforts in support #FarmersProtest HumanRights, freedom of press and #FreedomOfSpeech Keep Rocking!! #FarmerProtest2024"
9,ਅਮਨਦੀਪ ਕੌਰ,@AmanKaur_45,SC refuses to stay HC order directing judicial inquiry into farmer's death during protest #FarmersProtest #SupremeCourt #ShubhkaranSingh #Punjab #Haryana #Shambhu
10,Pradeep Nain,@ParNain9,Why not an FIR on those who blocked the road Hmm RIP #Punjab #Farmersprotest #LokSabhaElections2024
11,Dr Amandeep Dholewal,@DrAmanDholewal,Is punjab govt working hand in glove with BJP? @BhagwantMann govt has notified pvt godowns & silos of corporates like Adani as Mandi's purchase centers in 9 districts of Punjab. This is one of the 3 laws that led to #FarmersProtest in 2020.Punjab govt is facilitating corporates.
12,Harpal Singh Sangha,@HarpalSSangha,Please Support Our's innocent Farmer's #FarmersProtest2024 #FarmersProtest
13,Praveen Dalal,@IMPraveenDalal,"The funeral for Shubh Karan Singh was held today. He was killed during the #FarmersProtest2024 after @police_haryana opened fire at point blank range. After @PunjabPoliceInd registered a ""zero FIR"" to open an investigation, farm leaders and the family of the Martyr proceeded to"
14,Brandy,@BrandyL68992158,Why didn't @rihanna come for the #FarmersProtest2024 but came to twirl her a$$ in #AmbaniFamily function? Lol ..anndata are so disappointed....
15,rahul,@rahulwho_,The great Farmer Rihanna @rihanna has arrived in India to support #FarmersProtest2024 by dancing in the wedding ceremony of Ambani's Son who the farm protesters consider their enemy. #Rihanna #AmbaniWedding #FarmerProtest
16,Kisan Majdoor Morcha,@KMmorcha1,Passport revocation of Haryana Protestors / Facts #FarmersProtest #FarmersProtest2024
17,Shubhdeep Sidhu,@ShubhdeepS86319,"Protesting farmers ""passport"" cancelled! Why do protesting farmers have passports? How many farmers in your state can afford to travel abroad? #FarmersProtest2024"
18,Greta Dosanjh,@DosanjhGreta,This could backfire seriously...#FarmersProtests
19,Supriyo Chakraborty (Modi's Family),@Supriyochakra,#India: the Indian govt's response to #FarmersProtests violates fundamental freedoms & democratic principles. Resorting to colonial-era laws like the Telegraph Act of 1885 to suspend internet & SMS services is unacceptable. Unroll more on this thread
20,J_Rod__Canada,@J_Rod_Canada,"#SanjaySingh. mandi #FarmersProtest2024 #FarmersProtests #KisanVirodhiKhattarModi BUT Revolution begin in ""Punjab"" . . #AAP Govt. #GharGharRationPunjab"
21,Solanki Jay,@SolankiJay2002,"This so called #FarmersProtests reminds me of the bullshit asymmetry principle - ""the amount of energy required to refute BS is an order of magnitude bigger than to produce it."" Kudos to the govt to have handled the crisis deftly."
22,EEB,@Green_Europe,Challenging the Fabric of Democracy: Alleged Injustices and the Call for Accountability #RahulGandhi #Democracy #FarmersProtests #FarmersProtest2024 #DravidianVision
23,Roy,@ijdroy_,Who is pelting stones on the cops standing behind the Barricades ? Really salute the patience of cops. #FarmersProtests #KhalistanMurdabad
24,Tatsat Chronicle,@TatsatChronicle,Farmers Protest 2.0: The #BellTolls For The Government. #agriculture #FarmersProtests #MSP #swaminathancommission #NarendraModi #primetimestelevision #DirectBenefitTransfer #interministerialcommittee @AgriGoI @NITIAayog @PMOIndia
25,King Arthur & Excalibur,@OscarsWild1,The #farmers and their #FarmersProtests really do deserve a #meme
26,Ronit Bhatia,@theronitbhatia,Here is a glimpse of Dictatorship in India #FarmersProtests #FarmersProtestInDelhi
27,Longo,@LongoTheMaster,"""As per the order of Indian government we are blocking , suspending or withheld some @X accounts, but we do not agree with this, people should have freedom of speech."" @elonmusk #FarmerLivesMatter #FarmersProtestInDelhi #farmersprotests2024 #FarmersProtests"
28,VIBGYOR,@the_vibgyor,"#FarmersProtests #KhalistaniFarmersProtest Listen to this Khalistani extremists, even youngsters are intelligent"
29,Earth Buddy #SaveSoil,@VbYsatis,"Haryana Police To compensate for the loss of government property during the so-called #FarmersProtests , the process of attaching the property of the agitators and seizing the bank accounts has been started."
30,MD_SAMEER,@MD_SameerIND,"A young farmer died during resumed protests on the Punjab-Haryana border, sparking tension in the region. Opposition parties, such as AAP and Congress, criticize the Central government for neglecting farmers' demands. #FarmersProtest2024 #FarmersProtestInDelhi #FarmersProtests"
31,Praveen Singh,@impraveensingh,"Farmers are being shot, The youth are being pushed into the trap of unemployment and paper leaks. After all, what was their mistake? Making Adani's watchman the head of the country? #FarmersProtest2024 #FarmersProtests #DabaJawanMaraKisan"
32,Proindianofficial,@Proindianofficl,Be in SOLIDARITY with our protesting farmers #farmersprotests2024 #FarmersProtests #FarmersProtest2
33,Haresh Kumar (Modi Ka Parivar),@kumarharesh,"RIP, #ShubhkaranSingh brother! In this hour of grief, the farmers of the entire country are with the bereaved families, your sacrifice always be remembered. May Waheguru Ji provide strength to his family during this difficult time #FarmersProtests"
34,Sailesh Sanjiva,@SanjivaSailesh,Truth of protesting framers! #FarmersProtests #FarmerLivesMatter #BudgetSpeechComp
35,karajlahoria28,@karajlahoria28,Farmers have great importance in our society.They are the ones who provide us food to eat. #FarmerProtest2024 #FarmersProtests
36,Fighter_4_Humanity,@Fighter_4_Human,Programme on youth #cooperatives today at ICM Guwahati. #NCCT #सहकारसेसमृद्धि #SahakarSeSamriddhi #सहकारिता_मंत्रालय #minofcooperatn #cooperative #FarmersProtests #NarendraModi #AmitShah
37,V,@MlogicGr8Again,Here is how Inidan govt blaming Farmers for the death of Police Officer due to their poor health while throwing tear shells at Protesting Farmers #FarmersProtests #FarmersProtestInDelhi
38,Mohit Gahlot (ï,@_MohitGahlot_,"Accounts related to #FarmerProtest are continuously on the target list of Modi Govt to ensure no news about Govt atrocities on farmers reaches to International media and common citizens of the country. ""Mother of Democracy"" for you. #FarmersProtest2024"
39,Tanpreet Kaur,@Tanpree19146368,You can take anything away from them but not the spirit in their DNA. #FarmersProtest2024
40,Gururaj Anjan,@Anjan94150697,"To ensure, news of #FarmersProtest2024 does not reach you, accounts of @praveenpscs , @garvitgarg15 & @gurshamshir has been Withheld now. These were the accounts which were continuously bringing us credible information about #FarmerProtest. #FreeSpeech has been blown to pieces."
41,DFRAC,@DFRAC_org,Twitter #farmers after their farmer neta #Rihana performing at #Ambani wedding. These vampantis wants capitalist money for themself and socialist poverty for real #farmer #FarmersProtest2024
42,Saudi Arabian Football Federation,@saudiff_en,"While Hindutva terr0r!$ts along with Haryana police are busy defaming farmers and damaging their tractors-trolleys, the ""real Hindus"", from Patran village, Punjab offer to fix them! #FarmersProtest2024"
43,yeosanger,@tokyeoskies,"The farmer who feeds 140 crore Indians by working hard day and night is getting beaten on the streets for his rights. Whether you have anything to do with farming or not, it is about bread and butter. The government will come and go, support the farmers. #FarmersProtest2024"
44,moosa jatt,@kaur672447642,LEST WE FORGET There's something more important going on right now. #FarmersProtest2024 #FarmersProtest
45,Mohit Gahlot (ï,@_MohitGahlot_,A new Protest in Favour of #FarmersProtest2024 highlighting the Brutality of Police Forces at Shambhu Border.
46,Punjab Panther,@Punjab_panther,"Seeking judicial enquiry by Retd. High Court Judge into the death of young farmer Shubhkaran Singh, the HC while issuing notice to Govt. has directed to file Affidavit. Reply has to be filed within a week by Govt. We will continue to fight for you brother #FarmersProtest2024"
47,Mohit Gahlot (ï,@_MohitGahlot_,"Farmers are sitting peacefully,stop saying they are terrorist, they feed you..... #FarmersProtest2024 #FarmersProtest"
48,Mohit Gahlot (ï,@_MohitGahlot_,Corporate v/s Kisaan #FarmersProtest2024 #MSP_
49,Farmers_Protest 2.0,@FarmersProtest_,Atal Bihari Vajpayee's Former Prime Minister of India was thinking towards farmers. Listen carefully Is Farmer Sikhs Modi Parivar or not ? #FarmersProtest2024
50,M.L.Ali,@liaqat0707,#Breaking Punjab & Haryana HC ordered judicial probe on death of protester. A committee consisting of a retired HC judge to be assisted by two officers of ADGP Rank from Punjab & Haryana will enquire the matter. #FarmersProtest2024
51,SSH,@JJ_JK_SSH,"Bhog of Shaheed Shubkaran Singh at his village Bhalo, Bathinda. WaheGuru Parivar nu Bhana Manan da Bal Bakshe. S Shubhkaran will live in our hearts forever and we will continue his battle for farmers community until farmers get their rightful dues. #FarmersProtest2024"
52,Samita Kaur,@samitakaur74,At least let them be of some help to the farmers. Kuch tho kaam aye.. #FarmersProtest2024 #FarmersProtest
53,UTI Mutual Fund,@utimutualfund,"My Interview Yesterday with (FARM ATTACK) victims Mrs ""Sisi Ntombela"" and Mr ""Mandala Ntombela"" It's worth a listen #NoFarmerNoFood #FarmersProtest2024 #FarmersProtest"
54,Goat Funded Trader,@GoatFunded,Look at what the Shankaracharya Ji has to say in support of the Farmers Protest 2024. #FarmersProtest2024 #KisaanNyayGuarantee #IWCWithRahulGandhi
55,SP,@SPSSM,"Seems like judge Saab of PB-HR HC hearing the case might have been offered Rajye Sabha seat by Modi Govt just like the judge of Bengal, that is why he is giving such absurd statements. Judge or BJP agent sitting as Judge. Sold out Judiciary. #FarmersProtest2024"
56,Mohit Gahlot (ï¿,@_MohitGahlot_,"Remember the similar video circulated during #NupurSharma incident This isn't #FarmersProtest2024 anymore but conglomeration of anti-India elements who are openly issuing threats to PM Modi. Alleged Anndattas are hanging the effigy of PM Modi, Hry CM symbolically giving hints"
57,unknown_1497,@Bckbncher,"We Sikhs respect every religion, those who posted wrong videos to spoil the character of Sikhs will not watch this video today. A Sikh never insults anyone's religion. Our opposition is to the Indian government, not to any religion. #FarmersProtest #FarmersProtest2024 #Punjab"
58,Kawal Kang,@Kawal46ae,Please see the documentary below. Scary stuff. Seems the only population that needs to be controlled is Bill and Melinda Gates. In the 90s he seemed pretty off. And here in 2024 hes literally running the world. #FarmersProtest2024 all over the world is to wa
59,Zaira Mirza,@ZairaMirza1,"This is for those shameless #Farmers leaders & opportunistic politicians who are falsely propagating ""What is GoI doing for the Farmers""? Real Farmers are well aware about the ground reality & the backing of GoI, but farmers turned politicians won't. #FarmersProtest2024"
60,unknown_1510,@DanielMiessler,Some Creatures are only seen during Elections #FarmersProtest2024 #_ï¿
61,unknown_1511,@Bckbncher,Gentle reminder!! Farmers are still protesting for MSP. Manipur is still burning. Sanghis are still vandalising While PM dived in the ocean searching lost democracy. He can be spotted dancing in Ambani wedding because they need more drama.
62,BrillianceSecMag,@BscSteve,The Punjab Haryana High Court has called the Haryana government wrong Instead of treating the farmers badly. Now Gobar bhkt will call the High Court Khalistani #FarmersProtest #FarmersProtest2024
63,Santosh Rathord ï,@santosh31537688,"Women brigade all set to celebrate International Womens Day tomorrow at Shambu & Khanauri border - March 8, 2024. They have appealed women from every nook & corner to reach the borders to support farmers. #farmer"
64,`Darveysh' M,@DurveyshM,"...and this man is a terrorist, lest we forget.......yes he is! Look it up!!! #FarmersProtest2024"
65,Peter Nooteboom,@Peter_Nooteboom,Learn how today's top startups use data to to build successful products
66,Greta Dosanjh,@DosanjhGreta,Unlock the door to programming for FREE today! Begin your programming journey effortlessly with our bite-sized programming tutorial and consider diving deeper with our premium course. Build a foundation for countless career paths and industry opportunities!
67,J.B. Sharma,@JBSharm17603186,"Rest in peace to Akira Toriyama, the creator of the Dragon Ball series #InternationalWomensDay #InternationalWomensDay2024 #FarmersProtest2024 #WomenEmpowerment #Mahashivratri2024 #"
68,Hitesh Kumar Mutreja,@Hitesh_42200,This is the New India lead by PM of this country He is spreading hate to divide people which can be see here an officer assaulting Muslims while doing the prayers! GOI is spitting venom in people to distract them from New World Order dictatorship #FarmersProtest2024
69,Nippon.com,@nippon_en,Bahut Khuub Bahut Khuub #FarmersProtest #FarmersProtest2024
70,QuillBot,@TheQuillBot,"Do you want to communicate more clearly at work? Try QuillBot. It's an online writing platform that can instantly make your written communication concise and professional. Plus, you can optimize your tone to ensure you're connecting with your audience. Try QuillBot today."
71,unknown_1641,@Bckbncher,  #FarmersProtest2024 #JusticeForSidhuMoosewala @jdhillonA @turja_tu @Akaur_07 @khushdil_jatt @amanveer_sandhu @sandhumannu0476 @Harpree62510923 @adityachopra34 @Randeep44009128 @MandeepKaurKhi1 @Akanksh76061458 @Gurwind45589679 @Ak47gill
72,RanglaPunjab,@RanglaPunj57485,"""Government and the court should know that women and children always have had equal participation along with men in the peaceful movements for farmers, very much as on farming fields"", Women farmer leaders at a presser today. #InternationalWomensDay #FarmersProtest2024"
73,unknown_1653,@Bckbncher,I support farmers #FarmersProtest2024 #JusticeForSidhuMoosewala @jdhillonA @turja_tu @Akaur_07 @khushdil_jatt @amanveer_sandhu @sandhumannu0476 @Harpree62510923 @adityachopra34 @Randeep44009128 @MandeepKaurKhi1 @Akanksh76061458 @Gurwind45589679 @Ak47gill
74,Major Singh #FarmersProtests02,@MajorSi55323658,No Farmers No Food #FarmersProtest2024 #MSP_ï
75,Sumit Saharan,@saharanss1,Bahut Khuub #FarmersProtest #FarmersProtest2024
76,Unison Deals Point,@zuzuri26,"Red Tape Sneaker Casual Shoes for Men | Soft Cushion Insole, Slip-Resistance, Dynamic Feet Support & Arch Support M.R.P.: 5,399 Offer Price: 1,079 C"
77,Vignesh Raja @ SATHYA 2.0,Vignesh Raja @ SATHYA 2.0,Preparing the Next generation for the future protests. Dada-Pota #FarmersProtest2024
78,Farmers_Protest 2.0,@FarmersProtest_,The ongoing #Farmersprotest in India has now got the support of former army officers. Every responsible citizen of India who loves India is supporting Indian farmers. Andhbhakts now calling them #Khalistani but will not question Modi on the issue of farmers. #FarmersProtest2024
79,I -N- D- I -A,@IamMitesh86,"It should be investigated The BJP government is torturing the farmers by appointing RSS g00ns in the police. Look at the photo, this man is without uniform, how can it be that a policeman on duty does not wear uniform. #FarmerProtestInDelhi #FarmersProtest"
80,Man of Kent (Manofkent2022 on Gettr),@pplatesrgrate,This all is pre-planned because how this sanghi gamsha knows on 16 February that what will happened after 5 days?? #FarmersProtest #FarmerProtest2024 #KisanVirodhiNarendraModi
81,Hansraj Godara,@hansrajgodara96,"God knows what are these people who will happily eat One potato for Rs. 30 in a puffed up packet with a rupee worth masala, buy a Kg of potato for 30-40 but howl and cry when the farmers demand a Minim"
82,Vikas Bku Ugrahan,@vikas_bku,Happy Birthday Gullu ! ï¿
83,Baba Banaras,@RealBababanaras,Poor Farmer of our India?? #FarmersProtest
84,Internet Freedom Foundation (IFF),@internetfreedom,"STATEMENT: Haryana police seeks to cancel passports, visas of farmers identified through drone & CCTV cams to be causing disturbancesï¿"
85,Villager Singh,@Villagerz_Singh,"Life becomes a lot simpler, when you decide to let people misunderstand you. Because you started focusing on being good in God's eyes, not people. #FarmersProtest2024 #JusticeForSidhuMooseWala"
86,Offers & Deals By India Desire,@IndiaDesire,"""They should fear from us,make this border permanent we will rule our own, our youngsters sitting abroad will send money, This police will ran like m@d b!t#h in front, we will eat our breakfast in delhi"" #FarmersProtest2024 #Punjab"
87,Pendu,@Pendu774,"Politics is a dirty game, played by rich man with the rights of poor. #FarmersProtest2024 #JusticeForSidhuMooseWala"
88,Farmers_Protest 2.0,@FarmersProtest_,Martyred Farmer Shubhkarans autopsy points to firearm injury. @karamprakash6 's story. #FarmersProtest2024 #BJPHataoBetiBachao #ï
89,Indian Troll Lover,@trollove1,"It's the same patternKhalistani Sikhs, masquerading as farmers, are causing disruptions on the streets of California, USA . #FarmerProtest2024 #FarmersProtest2024 #Sikhs #KhalistanRefer"
90,Vijay Thottathil,@vijaythottathil,1 farmer dies during clash at Haryana-Punjab border! Congratulations Modi Ji #FarmersProtest2024
91,Randeep Gill,@Randeep44009128,#FarmerProtestInDelhi #FarmersProtest2024 #FarmersProtests We Support Our Farmers...
92,unknown_1889,@Jxssa21,Those who call Sikhs anti-national after seeing the turban should feel ashamed after watching this video. Sikhs in India have made every sacrifice to save the country. Sikhs gave the most martyrdom for the freedom of India. #FarmersProtest2024 #FarmersProtest 1/2
93,Gurpreet Kaur,@IGKaurP,So called farmer attacking police with swords Are they really farmers? I doubt!!! #FarmersProtest2024 #FarmersProtestInDelhi
94,BMJ,@bmj_company,"Haryana Police at Shambhu Border is not behind the Casualties and Injuries of Farmers, it's RSS Goons in civil dresses who are Atrocious to Punjab Farmers. #FarmersProtest2024"
95,unknown_1929,@DoabanJatti,"During the farmers protest in 2021 we lost over 700 lives. In 2024 so far we have lost 4, how many more precious souls will we lose before the farmers get their rights? #FarmersProtest2024 #NoFarmersNoFood"
96,Mohit Gahlot (ï¿,@_MohitGahlot_,Washing powder BJP/NDA #FarmersProtest2024 #farmersprotests2024
97,Subhash Chaudhary Bku,@Subhash_BKU,Hi @X and @ElonMusk . Please stop demoting our tweets and hashtags. Govts are #SelectedNotElected around the world using #EvilMethods. @GlobalP4LO is the most crucial voice to stop it says Visionary @IMPraveenDalal . #DigitalIndia #FarmersProtest2024 #LokSabhaElections2024 @PTLBIn
98,RajRaviSpeakParody,@RRPMalayil_,It is not the deleted scenes from the movie Borderï¿
99,GKG,@GillysGuidance,Praying for the Chardi Kala and safety of our Farmers who begin their march to Delhi today #FarmersProtest2024
100,Villager Singh,@Villagerz_Singh,Human Cost Of #FarmersProtest in 2024: Martyrdom - 6 FYI: SHUBHKARAN was SHOT DEAD by Haryana police. Injured - 400+ LostVision - 3 Until when
101,Mohit Gahlot (ï¿,@_MohitGahlot_,The world's largest farmer Protest is still going on. #FarmersProtest2024 #farmersprotests2024
102,Mohit Gahlot (ï¿,@_MohitGahlot_,The 50CAL Speaker 320Watts up to 78hr battery 340ft Bluetooth range Guitar input USB C+A charge ports to charge your devices in the wild 100+ reviews scoring ï¿
103,unknown_2050,@gL0cK__45,Living breathing role models #FarmersProtest2024
104,Sandeep Verma,@Isandeepkverma,"Real journalism , this is @IndiaToday 's @PreetiChoudhry bursting BJP's propaganda on #FarmersProtest Thank you Preeti Mam. @PreetiChoudhry More power to you #FarmersProtest2024"
105,Mohit Gahlot (ï¿,@_MohitGahlot_,"""Is the demand for MSP only for Punjab? Is it only for Haryana? No. When the MSP demand is for the farmers of the entire country, then the movement is also for the entire country."" -Amarjeet Singh Mohri, BKU Bhagat Singh #FarmersProtest2024"
106,Punjab Ki Baat,@punjabkibaat,Villagers preparing for cremation of #ShubhkaranSingh at village Ballo in Bathinda #FarmersProtest2024
107,Shubhdeep Sidhu,@ShubhdeepS86319,Such poor farmers with equipment worth lakhs.. #FarmersProtest2024 #FarmerProtestInDelhi
108,Mohit Gahlot (ï¿,@_MohitGahlot_,Real farmers of Punjab will be thankful to @narendramodi ji for this fantastic decision. Khalistanis participating in #FakeFarmersProtest #FarmersProtest2024 will not know what he is doing to help them. Soros sponsored Canadian radical Khalistanis with the help of ISI are
109,Cheshire Set,@SetCheshire,A friend of mine sent me this photo of Lin Peninsular farmers bringing their protest to Abersock beech. I hope they dont intend to pull down
110,HarshVivek Singh,@HVSBanwait,Its a good decision by the farmer leaders to take a 2 day halt in the #FarmersProtest2024. I still believe that all factions of the Farmer Unions should unite and do a combined press conference for the ne
111,Randeep Gill,@Randeep44009128,We have to continue farmer Shaheed Shubhkaran Singh battle and make sure his sacrifice for farmers of the country doesn't go in vein. We have to fight stronger and harder than ever before. This is our last chance to get our rightful dues. MSP is our right. #FarmersProtest2024
112,BMJ,@bmj_company,Reach an international audience through our open access publication model. We have calls for papers in your subject area.
113,Dr Poornima,@PoornimaNimo,This is how Shubhkaran lost his life during Farmers protest. By falling from height of 20 feet and landing on his head while hoisting khalistani flag on top of a sign board. Highlight this video to negate the propaganda that it was due to Haryana police firing. @HMOIndia
114,unknown_2153,@turja_tu,Framers khalistani Farmers are busy in their work of farming....they need to work to run their home n business meanwhile khalistani busy with protest...
115,Dr R.Tripathi,@Vairagi2288,After : 8000 gas shells SLR's 7.6251mm rounds 340 farmers in hospital 16 gunshot casualties NSA on 70yr old farm leader Country's fin
116,Radhika Chaudhary,@Radhika8057,Clash between Haryana police and farmers during #farmersprotests2024 as police opened fire in protesters. #farmersprotests2024 #FarmerProtestInDelhi #Sikhs #NewDelhi #Modi #BudgetSpeechComp #FarmersProtest #Delhi #Khalistani #FarmersProtest2024
117,The Political Animal,@ThePoliAnimal_,"Indeed, this is cruelty. I can say that this act was done by fake farmers or the khalistani sympathizers. I don't know, India is a place where the religion of this community was born. Hindus always treat them like their own. But why they have such stupid demand? And when you"
118,Saib Bilaval,@SaibBilaval,"Another incident surfaces where a Khalistani Sikh expresses a desire for Modi's elimination, reminiscent of what happened to our beloved Prime Minister, Indira Gandhi Ji. However, this time, a guy from Haryana calls out his Khalistan bluff directly to his face. Ouch, looks like"
119,unknown_2203,@turja_tu,This Makkar doesnt leave any opportunity to push Khalistani propaganda. Its because of him and scores of anon accounts (eithe
120,Indian Troll Lover,@trollove1,Nice time for bogus #Khalistani accounts to infiltrate their agenda of 'Panjab vs India'
121,Arjun_Ambedkar_TS,@Telangana_CM_,This guy is a khalistani supporter
122,BJP Maduravoyal South 155 mandalam,@RamAnand155,"Her berserk reaction and blatant misinformation proves that she is one of those ' Agents' Indians should be careful about. The ones supporting her follow and are followed by the known, blacklisted enemies of including 'ShockingSwine' & Khalistani handles in @SortedEagle"
123,Nationalist_Soul,@HellRiderD1,Who are they?? Farmers or Khalistani??
124,unknown_2217,@BeraPrabhas,These are Khalistani farmers too:
125,All India Trinamool Congress,@AITCofficial,"#WATCH | Kolkata: West Bengal Minister Shashi Panja says, ""...The BJP leaders including central and state think it's their birthright to brand people as Khalistani and anti-national. What is more unfortunate is that they don't have the courage to ask for forgiveness..."
126,Indian Troll Lover,@trollove1,"Today, a delegation of the Sikh community delegation met with the Governor, presenting an official deputation. They expressed deep dismay at @SuvenduWB 's offensive 'Khalistani' slur, seeking redressal and demanding respect for their identity. Discriminatory language has no"
127,Sankk,@sanket2103,Why should you care about the Arctic? Because what happens in the Arctic doesn
128,Saayoni Ghosh,@sayani06,There is not a single real farmer in this protest. There are these three groups on the field disguised as farmers : 1. Left leaning farmer associations 2. Pro khalistani groups 3. Party members of Congress n AAP
129,Porus,@porusofpanjab,High resolution cameras have come in handy for Haryana Police. They have identified the protesters (read Khalistani) and have decided to cancel the visa and passport with the help of Passport office and MHA. What a great way to teach this fake annadatas a lesson. Sataaak
130,Trunicle,@trunicle,"Not able to decide the monthly rate for going to #FarmerProtest border, 35 thousand or 40 thousand. Such videos should not come out otherwise these Khalistani movement leaders will be exposed."
131,Tmp,@allizpolitiks,Glad Sikh religion still have Real Sikhs who are able to see who is tarnishing Sikh religion name globally and fearlessly exposing them. Level of Khalistani Sikh criminal activities.
132,OpIndia.com,@OpIndia_com,Symptoms of their Ecosystem: They want Bharat should send food to Gaza. They support Khalistani agenda and support the farmers protest. They want proof of rapes happened in #Sandeshkhali. They call Modi a fascist and non-democratic but consider Mamata Banerjee an ardent
133,"SanghiDentico,",@priyathedentico,It's a battle of Perception & #Modi Sarkar knows it has won it. Time to show Fake Farmers their ï¿
134,JIX5A,@JIX5A,"Oh no #FakeFarmers from Punjab are in deep trouble Fakes will loose their visa, passports etc soon and their properties will be used for damage compensation"
135,Mona Patel,@MonaPatelT,Mastermind of fake farmers protest
136,JIX5A,@JIX5A,Fake farmers threatening the country's Prime Minister Narendra Modi and Haryana Chief Minister Manohar Lal ji. Turning farming machinery into weapons
137,Dr.Rajneesh Acharya,@DrRajneeshAcha1,Locals in Punjab discussing Fake Kisan Andolan 2024
138,Mohit Gahlot (ï¿,@_MohitGahlot_,Protesters trying to decide the monthly rate for going to Farmer Protests. This is how the Farzi farmer protests are planned. #FarmerProtestInDelhi #FarmersProtest2024
139,Farmers_Protest 2.0,@FarmersProtest_,Really too much democracy. #FarmersProtest2024
140,Harman (ï,@Harman_Zaildaar,"What will Hindus do now? #ShaheenBagh #FarmersProtests in 2022 #FarmersProtest2024 When the Muslims and Khalistanis can come on to the roads and protest, why cant Hindus? #Fre"
141,jokru,@jokru01,"In #Delhi's #ShambhuBorder, #HaryanaPolice fired tear gas at protesting farmers through drones. The farmers want to enter Delhi to protest for the Minimum Support Price (#MSP). #FarmerProtestInDelhi #FarmersProtest2024 #FarmersProtest"
142,Psychic soldier,@psychonaut39,Beautiful pics by my nikka bro!! @farmersprotest2024 Waheguru bless you . After what you have gone thru you show up stronger and more passionate .
143,Sangha/,@FarmStudiozzz,Terrorism of the Indian Gvt on the farmers. #FarmersProtest2024 #TerroristIndia
144,MaiamDigital,@MaiamDigital,Human cost of Farmers Protest as on 29 Feb 2024: Major cause of most deaths: Tear gas health effects Death Toll: 09 Injured: 170+ H
145,Tanveer Malik || ï,@tinderwale,Agitating Protestors asks reporter during #FarmersProtest2024: From where are you from? Reporter : BBC Protestors: They are our own people...
146,SP,@SPSSM,Kisan Majdoor Sangharsh Committee's Sarvan Singh Pandher coming back after facing a round of tear gas shelling. #FarmerProtest #FarmersProtest #FarmersProtest2024 #FarmerProtest2024 #FarmerProtestInDelhi
147,Kisan It Cell,@Kisan_ItCell,Worst than Nazis #FarmersProtest2024 #FarmersProtest #FarmersProtestInDelhi
148,HarshVivek Singh,@HVSBanwait,"After the death of a young farmer, Haryana Police threatening the farmer leaders with NSA and seizing properties is a searing oppression. The #FarmersProtest2024 is now a weeklong peaceful protest. Such brutal state terror, amidst ongoing negotiations between Union govt and"
149,Vikas Bku Ugrahan,@vikas_bku,"""Consciousness is only possible through change; change is only possible through movement"". Movements are built by people. #FarmersProtest #FarmersProtest2024"
150,Johan Barros,@JRFBarros,Road blockade at Rampura demanding registration of FIR for killing of Shubhkaran Singh #FarmersProtest2024
151,Villager Singh,@Villagerz_Singh,#FarmersProtest2024 Kisan unity long live
152,Indian Troll Lover,@trollove1,Absolute Ugliest Truth #FarmersProtest #FarmersProtest2024
153,YogeshMeena,@Yogeshkherli,Whoever dubbed it did a great job. It's hilarious. #FarmersProtest #FarmersProtest2024
154,Villager Singh,@Villagerz_Singh,"When this Kisan Andolan was planned in Dec-Jan by us few not so famous Unions, did anyone bel"
155,Villager Singh,@Villagerz_Singh,About upcoming in June 24 #FarmersProtest2024 #JusticeForSidhuMoosewala @jdhillonA @turja_tu @Akaur_07 @khushdil_jatt @amanveer_sandhu @sandhumannu0476 @Harpree62510923 @adityachopra34 @Randeep44009128 @MandeepKaurKhi1 @Akanksh76061458 @Gurwind45589679 @Ak47gill
156,Farmers_Protest 2.0,@FarmersProtest_,"Farmers are sitting peacefully,stop saying they are terrorist, they feed you. #FarmersProtest2024 #FarmersProtest"
157,unknown_2617,@Harvind06739900,""""" I CAME LIKE A KING LEFT LIKE A LEGEND! """" 20 MONTHS DAY 634 & COUNTING..!! #FarmersProtest2024 #JusticeForSidhuMooseWala JUSTICE WHEN @BhagwantMann"
158,Coral AI,@coralai_,#FarmersProtest2024 | What is the significance of MSP? @Basantrajsonu speaks with farmers and agricultural economist Devendra Sharma. Watch.
159,unknown_2630,@Harvind06739900,Goverment Did Open Fired Bullets On Peacefully Protesting Killed On TheSpot Died Tear Gas Shilling Lost Vision Permanently Injured& Suffering From Infections/ Breathing Problems Due To Tear Gas Shillings. #FarmersProtest #FarmersProtest2024
160,Anu,@Anu_Arya007,"Experience Nohgaku in the Metaverse! The exhibition space will be open for a limited time only, utilizing the Metaverse (virtual space service) to make you want to see NOHGAKU and come to Japanï"
161,SSH,@JJ_JK_SSH,"""The Mandela Portal "" The Indexer, 28(2), 69-73, 2010"
162,TONOMUS Venture Studio,@TONOMUS_VS,Your ocean idea belongs in the marketnot the
163,Ravi Varia,@RaviVaria7,This is how banks looked this morning in Montpelier following a night of protests by French farmers.
164,wwMLKd,@MlogicGr8Again,"Think about farmers, #farmers #shiba #farmersprotest #MSDhoniï"
165,The INDOCOM Bureau,@TheINDOCOM515,But he will not talk about the MSP #FarmersProtest2024 or the Human Rights Violations and atrocities over #Punjab farmers. Talking about strengthening voices
166,Indian Troll Lover,@trollove1,Life is all about facing challenges and never giving up. #FarmersProtest2024 #JusticeForSidhuMooseWala
167,moosa jatt,@kaur672447642,"Protesting Farmer Organization has paused ""march"" towards Delhi until February 29th and will announce the next action plan on February 29th after meeting but the protest will continue at Shambu and Khanauri borders per schedule."
168,Offers & Deals By India Desire,@IndiaDesire,"After March 3, there will be a march to Delhi via Dabwali. The agitating farmers will try to reach Delhi through many other routes. A permanent front will be set up on whichever border the government stops farmers from going to Delhi. #FarmersProtest2024"
169,unknown_2830,@DoabanJatti,"No luxuries required to be happy, it requires only good company. #FarmersProtest2024 #JusticeForSidhuMooseWala"
170,KisanMajdoorMorcha KMM,@KMM_India,"Life is like a bicycle, to keep your balance, you must keep moving. #JusticeForSidhuMooseWala #FarmersProtest2024"
171,Mohit Gahlot (ï¿,@_MohitGahlot_,An Indian police officer caught on camera while firing on peaceful Sikh protestors. #FarmersProtest #FarmersProtest2024
172,"Daljit Kaur Soni, Esq.",@daljitkaursoni,#BlackDay call and effigy burning in UP. Give Justice to Farmer Shubhkaran Singh! #FarmersProtest2024
173,Sangha/,@FarmStudiozzz,Punjab-Haryana High Court reprimanded @mlkhattar Haryana Government for behaving like terrorist and asking about dismisal of Internet. #FarmersProtest2024
174,"Daljit Kaur Soni, Esq.",@daljitkaursoni,If chaudhry Charan singh was alive he wouldve disowned this
175,Sandeep Singh Dhaliwal,@SandeepDhaliw,Farmers are ready to rule Delhi #FarmersProtest #FarmerProtest #FarmerProtest2024 #FarmersProtest2024
176,Adv. Avtaar S Turka / ï¿,@AvtaarTurka,Farmers under Attack in India. Down with Narendra Modi #FarmerProtestInDelhi #farmersprotests2024 #FarmersProtest2024
177,Mohit Gahlot (ï,@_MohitGahlot_,"All fake political parties, none of them is in favor of farmers. #FarmersProtest2024"
178,Farmers_Protest 2.0,@FarmersProtest_,Farmers will peacefully march from all the borders to Delhi at 11 am tomorrow. Farmer leader @KoharAbhimanyu reminded nation about Modi Govt atrocities on farmers and appealed to farmers and youth of the country to reach the borders in maximum number. #FarmersProtest2024
179,unknown_2913,@boparai_hai,"@dhruv_rathee This is real Hero in India ""One like and Retweet for Dhruv rathee"" #DhruvRathee #DhruvRathi #DemocracyUnderAttack #FarmersProtest2024"
180,HarshVivek Singh,@HVSBanwait,Not #terrorist or #Khalistani Only Farmers #FarmersProtest #FarmersProtest2024
181,Mohit Gahlot (ï,@_MohitGahlot_,The 50CAL Speaker 320Watts up to 78hr battery 340ft Bluetooth range Guitar input USB C+A charge ports to charge your devices in the wild 100+ reviews scoring ï
182,Vikas Bku Ugrahan,@vikas_bku,"Union of states ""India"" under British rule didn't block the roads by installing spike wires and furthermore didn't puncture tractors of protesting farmers - Supreme Court judge #FarmersProtest2024"
183,Coral AI,@coralaibusiness,Shame on modi government #FarmersProtest2024
184,unknown_3008,@sidd_sharma01,Save your children #FarmersProtest #FarmersProtest2024
185,Mohit Gahlot (ï,@_MohitGahlot_,"Farmers never agitated for free electricity or subsidy! As far as tax concerned, 85% are small & marginal farmers; while income upto 7L is tax-free for every Indian. Now @majorgauravarya , tell us if you have earned more than 7L in 2.5 acres. We will do it! #FarmersProtest2024"
186,Randeep Gill,@Randeep44009128,@ramnikmann ji exposing @RahulGandhi and @INCIndia #FarmersProtest2024
187,Dhillon,@Davinder_777,"Is it considered bravery for Khalistani Sikh ""Soorme"" ï"
188,Mohammed Zubair,@zoo_bear,So great to see the #FarmersProtest2024 here in Swansea today @WelshLabour need to realise that we in Wales like to eat natural Welsh food! #NoFarmersNoFood
189,Randeep Gill,@Randeep44009128,This is the reality of our forces with innocent farmers. #FarmersProtest2024
190,Tathvam-asi,@ssaratht,This Senior Journalist rips apart Autocratic and Dictator Modi Govt. ï¿
191,Mohit Gahlot (ï,@_MohitGahlot_,"Farmers are not terrorists, but those pulling the trigger on unarmed buzarg citizens are. God save our farmers. #farmersprotest2024"
192,Mohit Gahlot (ï,@_MohitGahlot_,"The last rites of martyr Shubhakaran Singh are being performed in his native village Baloh, Bathinda. Reminder:On Feb 21, @police_haryana killed farmer S Shubhakaran Singh who was peacefully protesting for MSP law at Khanauri border along with other farmers. #FarmersProtest2024"
193,Porus,@porusofpanjab,"These are Indian farmers! The above statement is as true as #RahulGandhi being a Non Corrupted politician! Repost, if you agree! #FarmersProtest2024"
194,unknown_3101,@pragatisingh295,The picture says it all. Pic ~ @PunYaab #FarmersProtest #FarmersProtest2024
195,unknown_3107,@DoabanJatti,Brutality of Haryana Police Firing at farmers who are just protesting peacefully #FarmersProtest2024 Punjab Police should step in and save Punjabis
196,Mohit Gahlot (ï,@_MohitGahlot_,"Youngsters frustrated with leaderless approach in the #FarmersProtest2024 leaders firstly make call then start meetings without informing. Youngsters becoming tool & getting crushed, while leaders not coming in front. #Punjab #KhannauriBorder"
197,Surpreet Bahia,@spkaur11,Its a good decision by the farmer leaders to take a 2 day halt in the #FarmersProtest2024. I still believe that all factions of the
198,Randeep Gill,@Randeep44009128,Haryana police still fire tear gas shells to disperse agitating farmers at #Khanauri border in Sangrur district of Punjab. #FarmersProtest #FarmerProtest #FarmersProtest2024 #FarmersProtestInDelhi
199,SerumInstituteIndia,@SerumInstIndia,"HPV ke khilaf, hum sab ek saath hokar suraksha ki taraf ek kadam badhaye."
200,Sangha/,@FarmStudiozzz,"Farmers are still on Panjabs jurisdiction, @police_haryana entered Panjab to vandalise tractors, ABDUCT and attac"
201,unknown_3204,@pragatisingh295,20 MONTHS DAY 633 & COUNTING...!! JUSTICE FOR SHUBHDEEP SINGH SIDHU!! @BhagwantMann @AAPPunjab #FarmersProtest2024 #JusticeForSidhuMooseWala
202,Villager Singh,@Villagerz_Singh,No legacy is so rich as honesty. #FarmersProtest2024 #JusticeForSidhuMooseWala
203,Dhillon,@Davinder_777,RIP democracy in india #FarmerProtest #FarmersProtest #FarmersProtest2024 #FarmerProtest2024 #FarmerProtestInDelhi
204,SP,@SPSSM,Why don't they identify who shot at farmer Shubhkaran Singh in the head? #FarmersProtest2024
205,Goudrusarkar -,@Gs_0107,This is what thes so-called farmers are actually demanding #Khalistanis #Khalistan #FarmerProtestInDelhi #FarmerProtest2024 #KisanAndolan #KisanAndolan2024
206,angel,@angeltupul,The very truth of #KisanAndolan .......
207,Sach Kahoon,@Sachkahoon,Why real farmers of Haryana are facing losses because of Fake andolanjeevis #haryana #bahadurgarh #punjab #haryanvi #kisanandolan #kisanektazindabaad #farmersprotest
208,Farmers_Protest 2.0,@FarmersProtest_,How are a bunch of literal sheep more revolutionary than the majority of Indians LMAAAAO #FarmerProtest2024
209,Neel Kamal,@NeelkamalTOI,"Haryana Police fired tear gas shells at 10:55, at least 5 minutes before planned march of farmers to Delhi #FarmersProtest #FarmerProtest #FarmerProtest2024 #FarmersProtest2024 #FarmerProtestInDelhi"
210,DesiDiva,@desi_diva1,What part of this looks like #FarmerProtest2024
211,Punjab Panther,@Punjab_panther,Punjabi Farmers facing bullets #FarmerProtest2024
212,unknown_3390,@turja_tu,Freedom of speech #FarmerProtest #FarmerProtest2024 #MANIPUR_VIOLENCE
213,Dhillon,@Davinder_777,My heartfelt condolences to the family of deceased farmer Shubkaran son of Charanjit Singh of V.Ballo District Bathinda who was shot by Haryana police today at Khannauri border during #FarmerProtest2024. This is matter of grave concern and at the same time shame for @BhagwantMann
214,Indian Troll Lover,@trollove1,"Why farmers are protesting? We answer. A thread, read on: Year after year, farmers in Punjab who tried to grow anything other than wheat and paddy, reeled other heavy losses, indicates the data accessed from Punjab Mandi Board. #FarmerProtest2024"
215,Indian Troll Lover,@trollove1,"In Khalistan, when you show up to work after a few drinks, even your coworkers are rolling on the floor laughing and it's not"
216,Vikas Bku Ugrahan,@vikas_bku,Women participants of #FarmersProtest2024 Many women from Punjab are participating in Farmers protest at East Punjab and Harya
217,Farmers_Protest 2.0,@FarmersProtest_,This fight for our freedom even andhbhakts too. #FarmersProtest #FarmerProtest2024 #farmersprotests2024
218,unknown_3459,@Murti_Nain,This is New India. @RandaHabib #FarmerProtestInDelhi #farmerprotests2024 #FarmersProtest2
219,Savera Kaur,@SavySidhu13,On whose behest did Haryana police/ RSS fi*e g*n sh*ts at innocent unarmed civilians? #FarmerProtestInDelhi #farmersprotests2024 #FarmersProtest2024 #FarmersProtest2
220,Iconicspeaker,@Iconicspeakerss,Farmers preparing for #DilliChalo on Feb 13
221,Himaghnaraj Bhattacharyya,@HimaghnarajDYFI,Statement of @dyficec regarding the brutal killing of Farmer at #FarmerProtestInDelhi by Haryana Police. #farmersprotests2024 #FarmersProtests
222,Proindianofficial,@Proindianofficl,"#FarmersProtests ""𝗧𝗼𝗼 𝗺𝘂𝗰𝗵 𝗼𝗳 𝗱𝗲𝗺𝗼𝗰𝗿𝗮𝗰𝘆"" Haryana government to impose NSA on farmers' leaders and arrest them using National Security Act - NSA act 1980 section 2 (3) #FarmerLivesMatter #FarmerProtestInDelhi"
223,Greenpeace EU,@GreenpeaceEU,"Presently throughout the world farmers are on protests , but nowhere the govts have committed atrocities on farmers . If this agitation goes on #SatyaPalMalik will go on a hunger strike on Gandhi's samadhi. @sanket #FarmersProtests"
224,Diptangshu Chaudhury,@ColDiptangshu,"Resemblance to Previous or Current #FarmersProtests is 100% Intentional. This Post is a reflection of the illogical demands, the comic style of the Alleged Farmers Protest & it's abrupt end soon @ramnikmann @ajeetbharti @itsDivasChoice @sanchit_gs @Tushar15_ @UnSubtleDesi @ANI"
225,MaiamDigital,@MaiamDigital,Same to same #FarmersProtests #DemocracyUnderAttack
226,Mahaveer Jain (Modi Ji Ka Parivar),@Mahaveer_VJ,This is For Supporters of Islamic State of Secular Peaceful India #farmersprotests2024
227,Mahalaxmi Ramanathan,@MahalaxmiRaman,"""Traffic Advisory: In view of the ongoing farmers' protest at various borders of Delhi, traffic diversions will be in place,"" posts @dtptraffic . #Farmersprotests2024"
228,Maka (Makuna),@ZautashviliMak,Farmers' 'Delhi Chalo' march on 'standby' till February 21 as Centre offers MSP proposal #farmersprotests2024
229,Aanand Krishna (Modi Ka Parivar),@aanand_krishnaa,𝙄𝙛... If #NarendraModi was the Prime Minister of #VikshitBharat then the Problems of #Farmers would have been Solved. #farmersprotests2024 #FarmersProtestInDelhi #FarmersProtests
230,Truth Slinger X,@TruthSlingerX,See What Modi Govt is Doing #FarmerProtest2024 #HaryanaPolice #FarmersProtestInDelhi #PMQs #FarmersProtests #shamemodiGovt #haryanapolitics #farmersprotests2024 #ShambhuBorder #KisanAndolan2024
231,HariOm (Modi Ka Pariwar),@Sanataniparcham,"""Farmers in yellow hats are turning the heat up on Macron. Is the far right leading them?"" #Macron #FarmersProtests #FarRight"
232,Kevin Tang,@kevint905,Some solutions to the farmers demands. #FarmersProtests
233,A.,@lovebrampton,This is called arrogance.. The BJP opened challenges to the entire farmers in our country. Given a seat to the prime accused on coming lok sabha elections.. #FarmersProtest2024 #Farmers #FarmersProtests
234,Panda,@Panda95671291,"#DelhiWantsKejriwalMPs #SanjaySingh. mandi #FarmersProtest2024 #FarmersProtests #KisanVirodhiKhattarModi BUT Revolution begin in ""Punjab"" . . #AAP Govt. #GharGharRationPunjab"
235,Bruce Collins,@Naveen_blrtwit,Our #Farmers are distressed. #FarmersProtests & their #voices are being suppressed. While #selfies has become a normal for those in power. #Bengaluru #Karnataka #Kannada #GareebParVaarPoonjipatiSarkar
236,Lady Di,@Lady_Di_W,"Hey, just a reminder. Farmers these days don't really bother with pitchforks and kerosene candles anymore ...they literally have tractors now! Just let them be or they could literally conquer entire cities lmao... Don't believe me? Watch #farmersprotests2024"
237,Sussie Olofsson,@Neuropedagogen,We all need to be supporting our farmers Nation wide #farmersprotests2024
238,InterServer,@interserver,So at least now farmers can reach Delhi or will Khattar sarkar still shoot to kill farmers on their way to Delhi? #farmersprotests2024
239,Daniel DeNiazi,@niazi_de,Government of India confers #bharatratna on eminent agricultural Scientist Dr. M. S. Swaminathan in recognition of his exceptional impact on revolutionizing Indian agriculture. #agriculture #Awards #farmersprotests2024
240,Mamoni,@Mamoni_Ghosh20,Having a farm on the banks of a pond is no less than heaven. Our farm is between the pond and lush green trees. Original pic #FarmersProtest #villagelife #kheti @Da___Engineer @Bholi_16 @Chahalmansi001 @aapkadharm
241,Himanshu कुमार,@himquantum,Tattu$ of tanaShah defaming #FarmersProtest . This chhota Sudhir got award from YugPurush recently
242,Mathrubhumi English,@mathrubhumieng,Justice for our thappi king #JusticeForSidhuMooseWala #FarmersProtest
243,Mohit Gahlot (ਮੋਹਿਤ ਗਹਿਲੋਤ),@_MohitGahlot_,3 generations fighting together to save their land and future generations from crony capitalists and greedy politicians. Salute #FarmersProtest2024 #FarmersProtest
244,Prajakta Joshi,@journoprajakta,"Struggles aren't instant coffee. They take time to brew. Make no mistake, the storm is coming. People are joining. Govt wouldn't know what hit them. We will win #FarmersProtest #FarmersProtest2024 #MSP"
245,Mohit Gahlot (ਮੋਹਿਤ ਗਹਿਲੋਤ),@_MohitGahlot_,What killed young protester Shubhkaran Singh? Here is the truth #WhatkilledShubhkaranSingh #ShubhkaranSinghpostmortem #ShubhkaranSinghautopsy #ShubhkaranSinghmedicalreports #KisanAndolan #farmersprotest
246,BaniAdam,@BaniAdam313,We spoke to multiple farmers protesting at the Shambhu Border between Haryana and Punjab. Watch the full video on Youtube. #FarmersProtest #SamdishBhatia
247,shafqat,@shafquath,"#FarmersProtest | The demand for a legally guaranteed #MSP has arrived on the centre stage of national politics. It is time to devise the best mechanism for its delivery. By @kkuruganti , #KirankumarVissa & @_YogendraYadav ."
248,Kriti Khurana,@KritiKhurana12,"In which state city village of India can ppl leave homes and block highways for months? Dont they have to work? They want to force their produce even if godowns are full, don't pay tax, want to legally bind govt to buy whatever they produce, at above market price #FarmersProtest"
